{
  "config": {
    "n_ops": 200,
    "n_seed_skills": 100,
    "n_seed_memories": 50,
    "overhead_budget_ms": 2.0
  },
  "results": {
    "record_outcome": {
      "auto_on": {
        "p50_us": 960.7500014681136,
        "p95_us": 2833.5999995761085,
        "p99_us": 5175.099999178201,
        "max_us": 26299.40000042552
      },
      "auto_off": {
        "p50_us": 985.3999999904772,
        "p95_us": 2372.4999991827644,
        "p99_us": 3038.900002138689,
        "max_us": 3074.0000001969747
      },
      "delta": {
        "p50_us": -24.649998522363603,
        "p95_us": 461.1000003933441,
        "p99_us": 2136.199997039512,
        "max_us": 23225.400000228547
      }
    },
    "memory_search": {
      "auto_on": {
        "p50_us": 986.7499993561069,
        "p95_us": 2083.7000010942575,
        "p99_us": 11115.10000191629,
        "max_us": 11523.299999680603
      },
      "auto_off": {
        "p50_us": 1073.700001143152,
        "p95_us": 5557.399999815971,
        "p99_us": 11412.199997721473,
        "max_us": 23033.69999935967
      },
      "delta": {
        "p50_us": -86.95000178704504,
        "p95_us": -3473.699998721713,
        "p99_us": -297.0999958051834,
        "max_us": -11510.399999679066
      }
    },
    "agent_complete": {
      "auto_on": {
        "p50_us": 2958.250001029228,
        "p95_us": 5786.199999420205,
        "p99_us": 6678.099998680409,
        "max_us": 12722.700001177145
      },
      "auto_off": {
        "p50_us": 1996.3000013376586,
        "p95_us": 4714.700000477023,
        "p99_us": 13259.300001664087,
        "max_us": 25451.800000155345
      },
      "delta": {
        "p50_us": 961.9499996915692,
        "p95_us": 1071.4999989431817,
        "p99_us": -6581.200002983678,
        "max_us": -12729.0999989782
      }
    }
  },
  "verdict": "ok"
}