{
  "episodes": 120,
  "seeds": [
    42,
    43,
    44,
    45,
    46
  ],
  "binary": {
    "per_seed": [
      0.8666666666666667,
      0.8666666666666667,
      0.8666666666666667,
      0.8,
      0.8666666666666667
    ],
    "mean": 0.8533333333333334,
    "pstdev": 0.02666666666666666
  },
  "quality": {
    "per_seed": [
      0.8666666666666667,
      0.8666666666666667,
      0.9333333333333333,
      0.8666666666666667,
      0.9333333333333333
    ],
    "mean": 0.8933333333333333,
    "pstdev": 0.03265986323710903
  },
  "accuracy_delta_pp": 3.9999999999999925,
  "variance_reduction": -0.00599319657044237
}